[
  {
    "id": 1,
    "priority": 3,
    "action": {
      "type": "modifyHeaders",
      "requestHeaders": [
        {
          "header": "User-Agent",
          "operation": "set",
          "value": "Mozilla/5.0 (Windows NT 10.0; Win64; x64) AppleWebKit/537.36 (KHTML, like Gecko) Chrome/134.0.0.0 Safari/537.36"
        },
        {
          "header": "Origin",
          "operation": "set",
          "value": "https://www.kleinanzeigen.de"
        },
        {
          "header": "Referer",
          "operation": "set",
          "value": "https://www.kleinanzeigen.de/p-anzeige-aufgeben-schritt2.html"
        },
        {
          "header": "sec-fetch-site",
          "operation": "set",
          "value": "none"
        },
        {
          "header": "sec-fetch-dest",
          "operation": "set",
          "value": "document"
        },
        {
          "header": "sec-fetch-mode",
          "operation": "set",
          "value": "navigate"
        }
      ]
    },
    "condition": {
      "urlFilter": "*://www.kleinanzeigen.de/p-anzeige-abschicken.html*",
      "resourceTypes": [
        "xmlhttprequest"
      ]
    }
  },
  {
    "id": 2,
    "priority": 3,
    "action": {
      "type": "modifyHeaders",
      "requestHeaders": [
        {
          "header": "User-Agent",
          "operation": "set",
          "value": "Mozilla/5.0 (Windows NT 10.0; Win64; x64) AppleWebKit/537.36 (KHTML, like Gecko) Chrome/134.0.0.0 Safari/537.36"
        },
        {
          "header": "Origin",
          "operation": "set",
          "value": "https://www.kleinanzeigen.de"
        },
        {
          "header": "Referer",
          "operation": "set",
          "value": "https://www.kleinanzeigen.de/p-anzeige-aufgeben-schritt2.html"
        },
        {
          "header": "sec-fetch-site",
          "operation": "set",
          "value": "none"
        },
        {
          "header": "sec-fetch-dest",
          "operation": "set",
          "value": "document"
        },
        {
          "header": "sec-fetch-mode",
          "operation": "set",
          "value": "navigate"
        }
      ]
    },
    "condition": {
      "urlFilter": "*://www.kleinanzeigen.de/p-bild-hochladen.html*",
      "resourceTypes": [
        "xmlhttprequest"
      ]
    }
  },
  {
    "id": 3,
    "priority": 1,
    "action": {
      "type": "modifyHeaders",
      "requestHeaders": [
        {
          "header": "User-Agent",
          "operation": "set",
          "value": "Mozilla/5.0 (Windows NT 10.0; Win64; x64) AppleWebKit/537.36 (KHTML, like Gecko) Chrome/134.0.0.0 Safari/537.36"
        },
        {
          "header": "Origin",
          "operation": "set",
          "value": "https://www.kleinanzeigen.de"
        },
        {
          "header": "Referer",
          "operation": "set",
          "value": "https://www.kleinanzeigen.de"
        }
      ]
    },
    "condition": {
      "urlFilter": "*://*.kleinanzeigen.de/*",
      "resourceTypes": [
        "xmlhttprequest"
      ]
    }
  }
]